barrows.alejandrin@gmail.com,John Taylor,2,10,22,N
adaline61@haag.com,Angel Jones DDS,1,17,23,N
anna17@graham.com,Vanessa Warner,1,17,23,N
rconnelly@herzog.org,Carlos Sparks,1,40,46,Y
kling1234g@gmail.com,Joshua Anderson,1,42,48,Y
ybruen@oberbrunner.com,Ellen Wang,1,42,48,Y
rebeca1@gmail.com,Michael Hess,1,42,48,Y
bbb@bbb.bbb,bbbbbb bbbbbb,1,43,49,Y
opeNN@ope.com,Bro Video,1,43,49,Y
caitlyn.blick@hagenes.com,Michael Brandt,1,42,48,Y
imogene23456@tromp.com,Melissa Maldonado,1,42,48,Y
lauryn04@kertzmann.com,Michelle Smith,2,42,54,Y
fschuster@stark.com,Geoffrey Maldonado,1,42,48,Y
qhoppe@crist.info,John Leon,1,42,48,Y
princess86@mills.biz,Natalie Burton,1,42,48,Y
chchgfhf@gjhg.co.hj,hjghjhgjh,1,37,43,L
67uiyiy@uyiy.hj,hkhkjhk,3,42,60,Y
alvah66@predovic.info,Juan Hill,1,42,48,Y
oquitzon@yahoo.com,Barry Kim,1,42,48,Y
heather30@heathcote.com,Daniel Mcdonald,1,20,26,N
bella28@gmail.com,Brian Kim,1,42,48,Y
amber.runolfsdottir@hotmail.com,Kathryn Galvan,1,33,39,N
test@tester.co,yiuyiuyiuy,1,43,49,Y
twenty7@ddd.mmm,twenty seven,1,43,48,Y
hgjhgjhg@kjhjhkj.mmm,kjhkjhkj,0,43,42,N
oneissue@test.com,only1 issue,0,43,43,L
cecelia44@yahoo.com,Kevin Carpenter,1,42,47,Y
bailey.kailyn@kovacek.biz,Michelle Jones,1,27,32,N
laila79@gmail.com,Joshua Williams,1,25,30,N
